8593c053fa44f058448f9dd0f9d8411f8af5be7abf770c11e26ea7af335a978d,https://btcpay.kruw.io/plugins/wabisabi-coordinator/
24685b9cbd51990306a90f4d58a9e74f04e0ec3a321d1cda4f4c5de1def9c9ff,https://api.wasabicoordinator.io/
0deb915c3182d60b3b302339066acbc0eabfb27f5e7c176be852a43e89d4280d,https://mega.cash/plugins/wabisabi-coordinator/
0deb915c3182d60b3b302339066acbc0eabfb27f5e7c176be852a43e89d4280d,https://mega.cash/plugins/wabisabi-coordinator/
183dd7980c49c8fdc302d15841697cd255aee4beb2769933293d0cc7d2f2b0de,https://api.gingerwallet.io/
183dd7980c49c8fdc302d15841697cd255aee4beb2769933293d0cc7d2f2b0de,https://api.gingerwallet.io/
69920ee6a85a1de80a21dd6e3a4de50cd0c0a5456a1fae614ec2a43b0a1a4e09,https://btcpay.kruw.io/plugins/wabisabi-coordinator/
42ee35ce235e839bc93761e74d2e2885a9896d08c80c3979fb944c0da17413be,https://btcpay.kruw.io/plugins/wabisabi-coordinator/
32ba64c97512aa4a736c8004fe8a6b6572ac3c0b2d20f8f7c3a5208e5bb10f0b,https://api.gingerwallet.io/
1550d170b4ce615197ca3967d23528f9e9c0e130fd47bbfd932d24cb75dc6c31,https://api.wasabicoordinator.io/
492656a76b25b6443b5f7bbea1399ffe2f52677a9175fcfb864a5c9af535d6cd,https://btip.nl:23001/plugins/wabisabi-coordinator/
299932bba1c8e235466d1ecafa37a98c6ab9adb4870d60f71000d3e9df04ffd4,https://btcpay.kruw.io/plugins/wabisabi-coordinator/
376f1833e490a6968d4a5ed3a64a99ab59c0a5d1069e439bf426fda9366f6d6f,https://mega.cash/plugins/wabisabi-coordinator/
c00e23734282cc534897e7429c6a4589121a913d8bf36c7af8b458e9a86dec75,https://api.wasabicoordinator.io/
208ebb37d1db25541057148212106fff082d73fdc1045c09c9f4f08e74986781,https://btcpay.kruw.io/plugins/wabisabi-coordinator/
91efe24956aa176241e142153d8912962b452f11361f4c421ad986486cd1fcdc,https://api.gingerwallet.io/
e2decf316820b492ec77dd79d85f1edd7262591771ab94ec1d0c469aba878267,https://api.gingerwallet.io/
614f6b0a831d2563146b81a37eafad10dbfa2174acac727d41fb48012f905cdb,https://btcpay.kruw.io/plugins/wabisabi-coordinator/
0c1cf327904769722c4fed3f0e770c1e0730fffabf2b8383282cb29409909519,https://api.wasabicoordinator.io/
